item_id,item_name,en_name,category,item_type,price,total_price,des1_cn,des1_en,des2_cn,des2_en,image_url
1111,铁剑,Iron Sword,攻击,1,165,275,+20物理攻击,+20 Physical Attack,,,https://game.gtimg.cn/images/yxzj/img201606/itemimgo/1111.png
1112,匕首,Dagger,攻击,1,180,300,+10%攻击速度,+10%Attack Speed,,,https://game.gtimg.cn/images/yxzj/img201606/itemimgo/1112.png
1113,搏击拳套,Boxing Gloves,攻击,1,180,300,+8%暴击率,+8%Critical Rate,,,https://game.gtimg.cn/images/yxzj/img201606/itemimgo/1113.png
1114,吸血之镰,Vampiric Scythe,攻击,1,180,300,+8%物理吸血,+8%Physical Lifesteal,,,https://game.gtimg.cn/images/yxzj/img201606/itemimgo/1114.png
1115,迅捷长矛,Swift Spear,攻击,1,456,760,+35物理攻击 +7.5%移动速度,+35 Physical Attack +7.5%Movement Speed,,,https://game.gtimg.cn/images/yxzj/img201606/itemimgo/1115.png
1116,雷鸣刃,Thunder Blade,攻击,1,492,820,+35物理攻击 +12%暴击率,+35 Physical Attack +12%Critical Rate,,,https://game.gtimg.cn/images/yxzj/img201606/itemimgo/1116.png
1121,风暴巨剑,Storm Giant Sword,攻击,1,510,850,+75物理攻击,+75 Physical Attack,,,https://game.gtimg.cn/images/yxzj/img201606/itemimgo/1121.png
1122,日冕,Sun Crown,攻击,1,456,760,+35物理攻击 +450最大生命,+35 Physical Attack +450 Max Health,,,https://game.gtimg.cn/images/yxzj/img201606/itemimgo/1122.png
1123,狂暴双刃,Frenzy Dual Blades,攻击,1,456,760,+15%攻击速度 +7.5%移速,+15%Attack Speed +7.5%Movement Speed,,,https://game.gtimg.cn/images/yxzj/img201606/itemimgo/1123.png
1124,陨星,Meteor,攻击,1,456,760,+35物理攻击 +7.5%冷却缩减,+35 Physical Attack +7.5%Cooldown Reduction,,,https://game.gtimg.cn/images/yxzj/img201606/itemimgo/1124.png
1125,破魔刀,Magic Breaker,攻击,1,1236,2060,+90物理攻击 +150法术防御 +600最大生命,+90 Physical Attack +150 Magic Defense +600 Max Health,唯一被动-破魔：获得（50%物理伤害）法术防御，最多不超过250点。,"Unique Passive - Magic Break: gain (50% Physical Damage) as Magic Defense, capped at 250.",https://game.gtimg.cn/images/yxzj/img201606/itemimgo/1125.png
1126,末世,Doomsday,攻击,1,1260,2100,+500最大生命 +40物理攻击 +20%攻击速度  +20%物理吸血,+500 Max Health +40 Physical Attack +20%Attack Speed +20%Physical Lifesteal,唯一被动-破败：普攻额外造成目标80~160（+7%目标额外最大生命）的物理伤害,Unique Passive - Ruin: Basic Attackbonusdealtarget 80~160 (+7%targetbonusMax Health) Physical Damage,https://game.gtimg.cn/images/yxzj/img201606/itemimgo/1126.png
1127,名刀·司命,Fate's Edge,攻击,1,1236,2060,+500最大生命 +75物理攻击 +15%攻击速度,+500 Max Health +75 Physical Attack +15%Attack Speed,唯一被动-暗幕：受到致命伤害时不会立刻阵亡，获得短暂无敌并增加15%移速，持续1秒，购买后每隔90/180/270秒增加0.2秒无敌并获得5%名刀·司命基础属性提升，至多3次，冷却时间：120秒,"Unique Passive - Dark Curtain: upon taking fatal damage, does not immediately die, gains brief Invincibility and +15% Movement Speed for 1 s, after purchase, every 90/180/270 s gains 0.2 s Invincibility and 5% Fate's Edge base stat boost, up to 3 times, Cooldown: 120 s",https://game.gtimg.cn/images/yxzj/img201606/itemimgo/1127.png
1128,寒霜袭侵,Frost Assault,攻击,1,1224,2040,+750最大生命 +25%攻击速度 +70物理攻击,+750 Max Health +25%Attack Speed +70 Physical Attack,"被动-寒霜：普攻和技能减少5~10%移速，持续1.5秒，可叠加2层。 被动-冻伤：普攻和技能对目标额外造成135~270（+0.45额外Ad）物理伤害,冷却时间3秒。","Passive - Frost: Basic Attackandabilityreduce 5~10%Movement Speed, for 1.5 s, canstack 2 stacks. Passive - Frostbite: Basic Attackandabilityagainsttargetbonusdeal 135~270 (+0.45 bonus AD) Physical Damage,Cooldown 3 s.",https://game.gtimg.cn/images/yxzj/img201606/itemimgo/1128.png
1129,速击之枪,Swiftstrike Lance,攻击,1,480,800,+35物理攻击 +15%攻击速度,+35 Physical Attack +15%Attack Speed,,,https://game.gtimg.cn/images/yxzj/img201606/itemimgo/1129.png
1131,碎星锤,Star Breaker,攻击,1,1248,2080,+90物理攻击 +700最大生命 +7.5%移动速度,+90 Physical Attack +700 Max Health +7.5%Movement Speed,唯一被动-破甲：+30%物理穿透,Unique Passive - Armor Pierce: +30%Physical Penetration,https://game.gtimg.cn/images/yxzj/img201606/itemimgo/1131.png
1132,泣血之刃,Blood Weeper,攻击,1,1212,2020,+80物理攻击 +25%物理吸血 +500 最大生命,+80 Physical Attack +25%Physical Lifesteal +500 Max Health,被动-养战：增加25%物理技能吸血 被动-充溢：自身溢出回复的50%转化为最大生命值，上限400~800点,"Passive - War Nurture: +25% Physical Ability Lifesteal Passive - Overflow: 50% of excess self-healing converted to Max Health, cap 400~800",https://game.gtimg.cn/images/yxzj/img201606/itemimgo/1132.png
1133,无尽战刃,Infinity Edge,攻击,1,1266,2110,+120物理攻击 +20%暴击率,+120 Physical Attack +20%Critical Rate,唯一被动-无尽：获得20%暴击效果，每2%暴击增加1%暴击效果，最多不超过50%,"Unique Passive - Endless: gain 20% Critical Damage, every 2% Critical Rate adds 1% Critical Damage, capped at 50%",https://game.gtimg.cn/images/yxzj/img201606/itemimgo/1133.png
1134,宗师之力,Master's Power,攻击,1,1260,2100,+55物理攻击 +20%暴击率 +600最大生命 +15%攻击速度,+55 Physical Attack +20%Critical Rate +600 Max Health +15%Attack Speed,唯一被动-强击：使用技能后，2秒内提升自身12%移动速度，并使得下次普通攻击造成额外0.8*物理攻击的物理伤害，冷却时间：3秒,"Unique Passive - Power Strike: after using an ability, +12% Movement Speed for 2 s, next Basic Attack deals bonus 0.8*Physical Attack Physical Damage, Cooldown: 3 s",https://game.gtimg.cn/images/yxzj/img201606/itemimgo/1134.png
1135,闪电匕首,Lightning Dagger,攻击,1,1224,2040,+40物理攻击 +35%攻击速度 +7.5%移速,+40 Physical Attack +35%Attack Speed +7.5%Movement Speed,唯一被动-电弧：普攻额外造成40~80法术伤害，每3次普攻会释放一次连锁闪电，造成160~400法术伤害,"Unique Passive - Arc Lightning: Basic Attack deals bonus 40~80 Magic Damage, every 3 Basic Attacks releases Chain Lightning dealing 160~400 Magic Damage",https://game.gtimg.cn/images/yxzj/img201606/itemimgo/1135.png
1136,影刃,Shadow Blade,攻击,1,1224,2040,+45物理攻击 +35%攻击速度 +20%暴击率 +7.5%移动速度,+45 Physical Attack +35%Attack Speed +20%Critical Rate +7.5%Movement Speed,唯一被动-暴风：普攻命中后增加10%攻速(暴击后翻倍)与5%移速，持续3秒,"Unique Passive - Storm: after Basic Attack hits, +10% Attack Speed (doubled on Critical) and +5% Movement Speed for 3 s",https://game.gtimg.cn/images/yxzj/img201606/itemimgo/1136.png
1137,暗影战斧,Shadow Axe,攻击,1,1254,2090,+80物理攻击 +10%冷却缩减 +500最大生命,+80 Physical Attack +10%Cooldown Reduction +500 Max Health,唯一被动-切割：增加90~180点物理穿透,Unique Passive - Carve: +90~180 Physical Penetration,https://game.gtimg.cn/images/yxzj/img201606/itemimgo/1137.png
1138,强者破军,Siege Breaker,攻击,1,1524,2540,+150物理攻击 +5%冷却缩减,+150 Physical Attack +5%Cooldown Reduction,唯一被动-破军：对生命值低于50%的敌人造成额外30%的伤害,Unique Passive - Army Breaker: deal bonus 30% damage to enemies below 50% Health,https://game.gtimg.cn/images/yxzj/img201606/itemimgo/1138.png
1141,逐日之弓,Sun Bow,攻击,1,1260,2100,+40物理攻击 +20%攻击速度 +15%暴击 +7.5%移速,+40 Physical Attack +20%Attack Speed +15%Critical +7.5%Movement Speed,唯一被动-精准：近战普通攻击伤害提升25点，远程英雄使用时该效果翻倍。 唯一主动-逐日：增加自己125点普攻射程和20%移动速度，持续5秒，冷却时间：75秒（增加射程效果仅远程英雄生效）,"Unique Passive - Precision: Melee Basic Attack damage +25, effect doubled for Ranged Heroes. Unique Active - Sun Chaser: +125 Basic Attack Range and +20% Movement Speed for 5 s, Cooldown: 75 s(Range increase effective only for Ranged Heroes)",https://game.gtimg.cn/images/yxzj/img201606/itemimgo/1141.png
1154,穿云弓,Cloud Piercer,攻击,1,480,800,+12%暴击率 +15%攻击速度,+12%Critical Rate +15%Attack Speed,,,https://game.gtimg.cn/images/yxzj/img201606/itemimgo/1154.png
1155,仁者破晓,Dawn,攻击,1,1542,2570,+75物理攻击 +30%攻击速度 +15%暴击率,+75 Physical Attack +30%Attack Speed +15%Critical Rate,被动-破甲：+15%物理穿透（远程英雄使用时效果翻倍） 被动-破晓：近战普通攻击伤害提升25点（远程英雄使用时效果翻倍）,Passive - Armor Pierce: +15% Physical Penetration (effect doubled for Ranged); Passive - Dawn: Melee Basic Attack damage +25 (effect doubled for Ranged),https://game.gtimg.cn/images/yxzj/img201606/itemimgo/1155.png
1156,迅疾·日渊,Sun Abyss,攻击,1,1992,3320,+40物理攻击 +20%攻击速度 +15%暴击率 +7.5%移速,+40 Physical Attack +20%Attack Speed +15%Critical Rate +7.5%Movement Speed,被动-精准：近战普攻伤害提升25点，远程英雄使用时该效果翻倍 主动-逐日：开启后增加自己125点普攻射程和40%移速，期间普攻会向目标附近的1个目标造成30%额外伤害，持续5秒，冷却时间：75秒,"Passive-Precision: MeleeBasic AttackDamageincrease 25, effect doubled for Ranged Heroes Active - Sun Chaser: upon activation +125 Basic Attack Range and +40% Movement Speed, Basic Attacks deal 30% bonus damage to 1 nearby target for 5 s, Cooldown: 75 s",https://game.gtimg.cn/images/yxzj/img201606/itemimgo/1156.png
1157,不动·天穹,Immovable Sky,攻击,1,1968,3280,+80物理攻击 +10%冷却缩减 +150物理防御,+80 Physical Attack +10%Cooldown Reduction +150 Physical Defense,主动-驱散：解除所有控制，自身获得35%减伤，持续3秒，冷却时间：75秒 被动-残废：技能对首个命中的敌方英雄造成10%~20%减速，并使其对自己的伤害降低20%，持续3秒，该效果有8秒冷却时间,"Active - Dispel: dispel all CC, self gains 35% Damage Reduction for 3 s, Cooldown: 75 s Passive - Cripple: ability against first enemy Hero hit deals 10%~20% Slow, reduces their damage to self by 20% for 3 s, 8 s Cooldown",https://game.gtimg.cn/images/yxzj/img201606/itemimgo/1157.png
1158,血魂刃,Blood Soul Blade,攻击,1,480,800,+35物理攻击 +12%物理吸血,+35 Physical Attack +12%Physical Lifesteal,,,https://game.gtimg.cn/images/yxzj/img201606/itemimgo/1158.png
1159,逐风,Wind Chaser,攻击,1,1248,2080,+50 物理攻击 +600最大生命 +30%攻击速度,+50 Physical Attack +600 Max Health +30%Attack Speed,被动-逐风：单次技能和普攻行为命中目标，提高2%攻速、移速与伤害，持续2.5秒，最大5层，逐层掉落，持续3秒,"Passive-Wind Chase: each ability or Basic Attack action hitting target grants +2% Attack Speed, Movement Speed & Damage for 2.5 s, max 5 stacks, decays one stack at a time over 3 s",https://game.gtimg.cn/images/yxzj/img201606/itemimgo/1159.png
1161,幽影袖箭,Shadow Dart,攻击,1,1224,2040,+40物理 +20%攻击速度 +20%暴击率 +650最大生命,+40 Physical +20%Attack Speed +20%Critical Rate +650 Max Health,主动-无踪：立刻进入隐身状态，隐身状态每0.5秒恢复110~220+6%隐身前3秒损失的血量并获得30%加速，持续2.5秒（近战减半），释放技能或普攻会立刻退出隐身状态，冷却时间：75秒,"Active - Traceless: immediately enter Stealth, while Stealthed every 0.5 s restore 110~220+6% of Health lost within 3 s before Stealth and gain 30% Speed Boost for 2.5 s (halved for Melee), casting ability or Basic Attack immediately exits Stealth, Cooldown: 75 s",https://game.gtimg.cn/images/yxzj/img201606/itemimgo/1161.png
11110,附魔之羽,Enchanted Feather,攻击,1,180,300,+5%移动速度,+5%Movement Speed,,,https://game.gtimg.cn/images/yxzj/img201606/itemimgo/11110.png
11210,制裁之刃,Sanction Blade,攻击,1,1248,2080,+100物理攻击 +20%物理吸血 +20%攻击速度,+100 Physical Attack +20%Physical Lifesteal +20%Attack Speed,被动-回魂：自身生命低于30%时，5秒内累计回复375~750点生命，该效果有20秒的冷却时间 被动-重伤：普攻/技能命中敌人后降低其35%生命回复和吸血效果，持续2.5秒,"Passive - Soul Return: when self Health <30%, restores total 375~750 Health within 5 s, 20 s Cooldown Passive - Grievous Wounds: Basic Attack/abilityhitenemyafterreduceits35%Health RegenandLifestealeffect, for 2.5 s",https://game.gtimg.cn/images/yxzj/img201606/itemimgo/11210.png
11211,精钢锻刀,Steel-Forged Blade,攻击,1,510,850,+15%攻击速度 +450最大生命,+15%Attack Speed +450 Max Health,,,https://game.gtimg.cn/images/yxzj/img201606/itemimgo/11211.png
11311,纯净苍穹,Pure Sky,攻击,1,1284,2140,+80物理攻击 +10%冷却缩减 +150物理防御,+80 Physical Attack +10%Cooldown Reduction +150 Physical Defense,唯一主动-驱散：获得30%减伤，持续3秒，冷却时间：75秒 被动-残废：技能对首个命中的敌方英雄造成10%~20%减速，并使其对自己的伤害降低20%，持续3秒，该效果有8秒冷却时间,"Unique Active - Dispel: gain 30% Damage Reduction for 3 s, Cooldown: 75 s Passive - Cripple: ability against first enemy Hero hit deals 10%~20% Slow, reduces their damage to self by 20% for 3 s, 8 s Cooldown",https://game.gtimg.cn/images/yxzj/img201606/itemimgo/11311.png
1211,咒术典籍,Spell Tome,法术,2,165,275,+35法术攻击,+35 Magic Attack,,,https://game.gtimg.cn/images/yxzj/img201606/itemimgo/1211.png
1212,蓝宝石,Sapphire,法术,2,165,275,+400最大法力,+400 Max Mana,,,https://game.gtimg.cn/images/yxzj/img201606/itemimgo/1212.png
1214,圣者法典,Saint's Codex,法术,2,480,800,+60法术攻击 +7.5%冷却缩减,+60 Magic Attack +7.5%Cooldown Reduction,,,https://game.gtimg.cn/images/yxzj/img201606/itemimgo/1214.png
1217,秘法残页,Arcane Page,法术,2,180,300,+8%法术吸血,+8%Magic Lifesteal,,,https://game.gtimg.cn/images/yxzj/img201606/itemimgo/1217.png
1218,元流结晶,Origin Crystal,法术,2,180,300,+5%冷却缩减,+5%Cooldown Reduction,,,https://game.gtimg.cn/images/yxzj/img201606/itemimgo/1218.png
1221,大棒,Large Rod,法术,2,492,820,+120法术攻击,+120 Magic Attack,,,https://game.gtimg.cn/images/yxzj/img201606/itemimgo/1221.png
1222,血族之书,Vampire Book,法术,2,480,800,+60法术攻击 +12%法术吸血,+60 Magic Attack +12%Magic Lifesteal,,,https://game.gtimg.cn/images/yxzj/img201606/itemimgo/1222.png
1224,魔道之石,Magic Stone,法术,2,480,800,+60法术攻击 +7.5移动速度,+60 Magic Attack +7.5 Movement Speed,,,https://game.gtimg.cn/images/yxzj/img201606/itemimgo/1224.png
1226,圣杯,Holy Grail,法术,2,1212,2020,+150法术攻击 +15%冷却缩减 +500生命值,+150 Magic Attack +15%Cooldown Reduction +500 Health,唯一被动-法力源泉：每秒回复1.5%法力值，如果法力值已满，每秒回复1%生命值，法力未满时，每秒回复0.5%最大生命值,"Unique Passive - Mana Source: restores 1.5% Mana per second; if Mana full, restore 1% Health per second; when Mana not full, restore 0.5% Max Health per second",https://game.gtimg.cn/images/yxzj/img201606/itemimgo/1226.png
1227,炽热支配,Scorching Dominion,法术,2,1224,2040,+150法术攻击 +12%法术吸血 +7.5%移动速度,+150 Magic Attack +12%Magic Lifesteal +7.5%Movement Speed,唯一被动-法力护盾：血量低于30%时立即解除自身控制，同时获得一个吸收500~1000(+1.0Ap)(+7.5%额外生命)护盾，护盾持续期间提升30%移动速度，持续4秒，冷却时间：90秒,"Unique Passive - Mana Shield: when Health <30%, immediately dispel self CC, gain absorbing Shield of 500~1000(+1.0 AP)(+7.5% Bonus Health), +30% Movement Speed while Shield active for 4 s, Cooldown: 90 s",https://game.gtimg.cn/images/yxzj/img201606/itemimgo/1227.png
1231,虚无法杖,Void Staff,法术,2,1224,2040,+210法术攻击 +500最大生命值 +5%冷却缩减,+210 Magic Attack +500 Max Health +5%Cooldown Reduction,唯一被动：+45%法术穿透,Unique Passive: +45%Magic Penetration,https://game.gtimg.cn/images/yxzj/img201606/itemimgo/1231.png
1232,博学者之怒,Savant's Wrath,法术,2,1284,2140,+210法术攻击,+210 Magic Attack,唯一被动-毁灭：法术攻击提升30%,Unique Passive - Destruction: Magic Attackincrease 30%,https://game.gtimg.cn/images/yxzj/img201606/itemimgo/1232.png
1233,回响之杖,Echo Staff,法术,2,1230,2050,+220法术攻击  +7.5%移速,+220 Magic Attack +7.5%Movement Speed,唯一被动-回响：技能命中会触发小范围爆炸造成140~280（+0.28Ap）法术伤害，这个效果有5秒CD。,"Unique Passive - Echo: ability hits trigger small AoE explosion dealing 140~280(+0.28 AP) Magic Damage, 5 s CD.",https://game.gtimg.cn/images/yxzj/img201606/itemimgo/1233.png
1234,凝冰之息,Frost Breath,法术,2,1260,2100,+180法术攻击 +7.5%冷却缩减 +500最大生命,+180 Magic Attack +7.5%Cooldown Reduction +500 Max Health,被动-凝冰：英雄普攻和技能造成伤害会附带5%~10%的减速效果，最多2层，持续1.5秒 被动-冻伤：普攻和技能对目标造成75~150(0.15Ap)法术伤害，该效果有3秒冷却时间,"Passive-Freeze: HeroBasic AttackandabilitydealDamageapplies5%~10%Sloweffect, up to 2 stacks, for 1.5 s Passive - Frostbite: Basic Attackandabilityagainsttargetdeal 75~150(0.15 Ap)Magic Damage, this effect has3 sCooldown",https://game.gtimg.cn/images/yxzj/img201606/itemimgo/1234.png
1235,痛苦面具,Mask of Agony,法术,2,1248,2080,+100法术攻击 +7.5%冷却缩减 +900最大生命,+100 Magic Attack +7.5%Cooldown Reduction +900 Max Health,被动-折磨： 技能命中后，目标在3秒内受到到4次3%当前生命的法术伤害（伤害对野怪上限为200点），持续3秒。,"Passive-Torment: abilityhitafter, targetinwithin 3 sreceiveto4 times 3%CurrentHealthMagic Damage (DamageagainstJungle Monstercapas200) , for 3 s.",https://game.gtimg.cn/images/yxzj/img201606/itemimgo/1235.png
1236,巫术法杖,Spellblade Staff,法术,2,1248,2080,+180法术攻击 +600最大生命 +300最大法力 +7.5%移速,+180 Magic Attack +600 Max Health +300 Max Mana +7.5%Movement Speed,唯一被动-强击：使用技能后，5秒内下次普攻造成额外180~360(+0.4Ap)，冷却2.5秒,"Unique Passive - Power Strike: useabilityafter, within 5 sunder timesBasic Attackdealbonus 180~360(+0.4 Ap), Cooldown 2.5 s",https://game.gtimg.cn/images/yxzj/img201606/itemimgo/1236.png
1237,时之预言,Prophet's Hour,法术,2,1290,2150,+140法术攻击 +450最大法力 +900最大生命,+140 Magic Attack +450 Max Mana +900 Max Health,被动-英勇奖赏：英雄升级后在3秒内回复20%最大生命值与最大法力值;满级后每45秒触发一次英勇奖赏效果：3秒内回复20%最大生命与最大法力 被动-预言： 获得50~100(0.1Ap)物理防御和法术防御。,"Passive - Heroic Reward: upon level up, restore 20% Max Health & Max Mana within 3 s; at max level triggers Heroic Reward every 45 s: restore 20% Max Health & Max Mana within 3 s Passive - Prophecy: gains 50~100(0.1 AP) Physical & Magic Defense.",https://game.gtimg.cn/images/yxzj/img201606/itemimgo/1237.png
1238,贤者天书,Sage's Tome,法术,2,1686,2610,+350法术攻击 +10%冷却缩减,+350 Magic Attack +10%Cooldown Reduction,唯一被动-刻印：每增加100点法术攻击可提升0.5%增伤比例与0.5%减伤比例,Unique Passive - Imprint: every 100 Magic Attack increases Damage bonus ratio by 0.5% and Damage Reduction ratio by 0.5%,https://game.gtimg.cn/images/yxzj/img201606/itemimgo/1238.png
1239,辉月,Splendor,法术,2,1248,2080,+160法术攻击 +7.5%冷却缩减 +12%法术吸血,+160 Magic Attack +7.5%Cooldown Reduction +12%Magic Lifesteal,唯一主动-月之守护：75秒CD，免疫所有效果，不能移动、攻击和使用技能，持续1.5秒,"Unique Active - Moon Guard: 75 sCD, immune to all effects, cannot move, attack, or use abilities for 1.5 s",https://game.gtimg.cn/images/yxzj/img201606/itemimgo/1239.png
1240,噬神之书,Devourer's Tome,法术,2,1236,2060,+160法术攻击 +24%法术吸血 +750最大生命,+160 Magic Attack +24%Magic Lifesteal +750 Max Health,唯一被动法术转化：每2%法术吸血额外提供1%冷却缩减,Unique Passive - Magic Conversion: every 2% Magic Lifesteal provides +1% Cooldown Reduction,https://game.gtimg.cn/images/yxzj/img201606/itemimgo/1240.png
1242,难知·月神,Moon Goddess,法术,2,2004,3340,+160法术攻击 +7.5%冷却缩减 +12%法术吸血,+160 Magic Attack +7.5%Cooldown Reduction +12%Magic Lifesteal,"主动-月之守护：免疫所有效果，不能移动、攻击和使用技能，持续1.5秒，随后在2秒内增加60%持续衰减的移速，并累计回复(1000+100%法术攻击)生命,冷却时间：75秒。","Active-Moon Guard: immune to all effects, cannot move, attack, or use abilities for 1.5 s, then inwithin 2 sincrease 60%decayingMovement Speed, and accumulaterestore(1000+100%Magic Attack)Health,Cooldown: 75 s.",https://game.gtimg.cn/images/yxzj/img201606/itemimgo/1242.png
1243,云灵木,Cloud Spirit Wood,法术,2,504,840,+60法术攻击 +450最大生命,+60 Magic Attack +450 Max Health,,,https://game.gtimg.cn/images/yxzj/img201606/itemimgo/1243.png
1244,破茧之衣,Cocoon Breaker,法术,2,1272,2120,+120 法术攻击 +900 最大生命,+120 Magic Attack +900 Max Health,被动-破茧：获得20~40+2%额外生命值的法术攻击，最多不超过100点 被动-净魔：获得30~60+3%额外生命值的法术穿透，最多不超过150点,"Passive - Cocoon Break: gain 20~40+2% Bonus Health as Magic Attack, capped at 100 Passive - Magic Purge: gain 30~60+3% Bonus Health as Magic Penetration, capped at 150",https://game.gtimg.cn/images/yxzj/img201606/itemimgo/1244.png
1727,日暮之流,Sunset Flow,法术,2,1224,2040,+160法术攻击 +500最大生命 +10%冷却缩减,+160 Magic Attack +500 Max Health +10%Cooldown Reduction,被动-净魔：对英雄造成伤害会获得20~40点法术穿透，持续4秒，该效果可叠加6层。,"Passive - Magic Purge: dealing damage to enemy Heroes grants 20~40 Magic Penetration for 4 s, stacks up to 6 layers.",https://game.gtimg.cn/images/yxzj/img201606/itemimgo/1727.png
1728,金色圣剑,Golden Sword,法术,2,1242,2070,+150法术攻击 +20%攻击速度 +7.5%移动速度,+150 Magic Attack +20%Attack Speed +7.5%Movement Speed,被动-圣剑：普攻命中敌人会获得10%攻速，持续5秒，最多可叠加两层；叠满后，普攻会额外附带(30%法术攻击)点法术伤害，该伤害冷却时间：0.2秒。 被动-精准：普通攻击伤害提升60点,"Passive - Holy Sword: Basic Attack hitting enemies grants 10% Attack Speed for 5 s, up to 2 stacks; at max stacks, Basic Attack deals bonus (30% Magic Attack) Magic Damage, this damage CD: 0.2 s. Passive-Precision: Basic AttackDamageincrease 60",https://game.gtimg.cn/images/yxzj/img201606/itemimgo/1728.png
12211,梦魇之牙,Nightmare Fang,法术,2,1230,2050,+220法术攻击 +7.5%移动速度 +7.5%冷却缩减,+220 Magic Attack +7.5%Movement Speed +7.5%Cooldown Reduction,被动-重伤：普攻/技能命中敌人后降低其35%生命回复和吸血效果，持续2.5秒,"Passive - Grievous Wounds: Basic Attack/abilityhitenemyafterreduceits35%Health RegenandLifestealeffect, for 2.5 s",https://game.gtimg.cn/images/yxzj/img201606/itemimgo/12211.png
1311,红玛瑙,Ruby,防御,3,180,300,+300最大生命,+300 Max Health,,,https://game.gtimg.cn/images/yxzj/img201606/itemimgo/1311.png
1312,布甲,Cloth Armor,防御,3,165,275,+100物理防御,+100 Physical Defense,,,https://game.gtimg.cn/images/yxzj/img201606/itemimgo/1312.png
1313,抗魔披风,Anti-Magic Cloak,防御,3,165,275,+100法术防御,+100 Magic Defense,,,https://game.gtimg.cn/images/yxzj/img201606/itemimgo/1313.png
1317,急速铠甲,Swift Armor,防御,3,480,800,+450生命 +7.5%冷却,+450 Health +7.5%Cooldown,,,https://game.gtimg.cn/images/yxzj/img201606/itemimgo/1317.png
1321,力量腰带,Giant's Belt,防御,3,510,850,+900最大生命,+900 Max Health,,,https://game.gtimg.cn/images/yxzj/img201606/itemimgo/1321.png
1323,神隐斗篷,Cloak of Spirit,防御,3,480,800,+150法术防御 +450最大生命,+150 Magic Defense +450 Max Health,,,https://game.gtimg.cn/images/yxzj/img201606/itemimgo/1323.png
1324,雪山圆盾,Snow Shield,防御,3,450,750,+7.5%冷却缩减 +150物理防御,+7.5%Cooldown Reduction +150 Physical Defense,,,https://game.gtimg.cn/images/yxzj/img201606/itemimgo/1324.png
1325,守护者之铠,Guardian Armor,防御,3,480,800,+150物理防御 +450最大生命,+150 Physical Defense +450 Max Health,,,https://game.gtimg.cn/images/yxzj/img201606/itemimgo/1325.png
1327,反伤刺甲,Thornmail,防御,3,1212,2020,+45物理攻击 +300物理防御 +700最大生命,+45 Physical Attack +300 Physical Defense +700 Max Health,被动-反刺：3秒内进入反刺状态，将受到的35%伤害以真实伤害回敬给对方，回敬伤害来源为抗性计算前（冷却时长：60秒）,"Passive - Counter Spike: within 3 s enter Counter Spike state, returns 35% of damage taken as True Damage to attacker based on pre-mitigation values (Cooldown: 60 s)",https://game.gtimg.cn/images/yxzj/img201606/itemimgo/1327.png
1328,血魔之怒,Blood Rage,防御,3,1308,2180,+75物理攻击 +900最大生命,+75 Physical Attack +900 Max Health,唯一主动-血怒：逐渐扣除30%当前生命，逐渐获得累计（40%最大生命）护盾，持续4秒 ，冷却时间：75秒 被动-狂怒：普通攻击额外附带1.5%最大生命的物理伤害，当自身生命低于50%伤害提升25%~50%,"Unique Active - Blood Fury: gradually drains 30% Current Health, gradually gains cumulative (40% Max Health) Shield for 4 s, Cooldown: 75 s Passive - Frenzy: Basic Attack deals bonus 1.5% Max Health Physical Damage, when self Health <50% damage +25%~50%",https://game.gtimg.cn/images/yxzj/img201606/itemimgo/1328.png
1331,红莲斗篷,Blazing Cape,防御,3,1224,2040,+240物理防御 +1350最大生命,+240 Physical Defense +1350 Max Health,被动-业炎: 每秒灼烧375范围内的敌人并造成1.5%最大生命的法术伤害（对小兵和野怪造成双倍伤害） 被动-重伤：受到灼烧效果会降低敌方生命回复和吸血效果35%，持续2.5秒,"Passive - Karma Fire: burns enemies within 375 range every second, dealing 1.5% Max Health Magic Damage (double damage to Minions and Jungle Monsters) Passive - Grievous Wounds: Burn effect reduces enemy Health Regen and Lifesteal by 35% for 2.5 s",https://game.gtimg.cn/images/yxzj/img201606/itemimgo/1331.png
1332,霸者重装,Overlord's Platemail,防御,3,1470,2450,+1800最大生命 +180物理防御 +90法术防御,+1800 Max Health +180 Physical Defense +90 Magic Defense,被动-天命：提高4%额外生命 被动-复苏：每秒回复0.5%最大生命，三秒内没有受到敌方英雄或防御塔攻击时回复效果翻倍,"Passive - Destiny: +4% Bonus Health Passive - Recovery: restores 0.5% Max Health per second, effect doubled when not attacked by enemy Heroes or Turrets for 3 s",https://game.gtimg.cn/images/yxzj/img201606/itemimgo/1332.png
1333,不祥征兆,Ominous Premonition,防御,3,1212,2020,+300物理防御 +1200最大生命,+300 Physical Defense +1200 Max Health,被动-寒铁：受到攻击会减少攻击者20~40%攻击速度与7.5%~15%移动速度，持续2.5秒（每个目标3秒冷却）,"Passive - Cold Iron: when attacked, reduces attacker's Attack Speed by 20~40% and Movement Speed by 7.5%~15% for 2.5 s (3 s CD per target)",https://game.gtimg.cn/images/yxzj/img201606/itemimgo/1333.png
1334,不死鸟之眼,Phoenix Eye,防御,3,1212,2020,+90物理防御 +180法术防御 +1350最大生命,+90 Physical Defense +180 Magic Defense +1350 Max Health,唯一被动-血统：每损失10%生命值，生命恢复效果增加5%。,Unique Passive - Bloodline: every 10% Health lost increases Health Recovery effects by 5%.,https://game.gtimg.cn/images/yxzj/img201606/itemimgo/1334.png
1335,魔女斗篷,Magic Cloak,防御,3,1212,2020,+300法术防御 +1100最大生命,+300 Magic Defense +1100 Max Health,被动-迷雾：每15秒获得400~800(+7%额外生命值)的法术护盾 魔女：将额外法术防御的15%转化为物理防御,Passive - Mist: every 15 s gain 400~800(+7% Bonus Health) Magic Shield; Sorceress: converts 15% of bonus Magic Defense to Physical Defense,https://game.gtimg.cn/images/yxzj/img201606/itemimgo/1335.png
1336,极寒风暴,Glacial Storm,防御,3,1224,2040,+20%冷却缩减 +600最大生命 +240物理防御,+20%Cooldown Reduction +600 Max Health +240 Physical Defense,唯一被动-冰心：受到单次伤害超过当前生命值10%时，向敌人方向发射寒冰冲击，对范围内敌人造成130~260点法术伤害，降低范围内敌人15%攻速和15%~30%移速，持续2秒，冷却2秒,"Unique Passive - Frozen Heart: upon taking single hit >10% Current Health, launches Frost Shockwave toward enemies, deals 130~260 Magic Damage to AoE enemies, reduces their Attack Speed by 15% and Movement Speed by 15%~30% for 2 s, CD: 2 s",https://game.gtimg.cn/images/yxzj/img201606/itemimgo/1336.png
1337,贤者的庇护,Sage's Sanctuary,防御,3,1368,2280,+150物理防御 +150法术防御 +900最大生命 +5%冷却缩减,+150 Physical Defense +150 Magic Defense +900 Max Health +5%Cooldown Reduction,唯一被动-复生：死亡后2秒原地复活，并获得2000~3000点生命值，冷却时间：150秒。这个效果每局游戏只能触发2次,"Unique Passive - Rebirth: revive in place 2 s after death with 2000~3000 Health, Cooldown: 150 s. Can only trigger twice per match",https://game.gtimg.cn/images/yxzj/img201606/itemimgo/1337.png
1338,暴烈之甲,Berserker's Armor,防御,3,1230,2050,+210物理防御 +900最大生命 +35物理攻击,+210 Physical Defense +900 Max Health +35 Physical Attack,唯一被动-无畏：每次受到伤害后，自身增加1%伤害与1%移速(受到英雄伤害叠加2层)，持续3秒，最多10层,"Unique Passive - Fearless: each time after taking damage, self +1% Damage and +1% Movement Speed (2 stacks from Hero damage) for 3 s, up to 10 stacks",https://game.gtimg.cn/images/yxzj/img201606/itemimgo/1338.png
1341,冰霜冲击,Frost Impact,防御,3,1218,2030,+150物理防御 +900最大生命 +7.5%冷却缩减,+150 Physical Defense +900 Max Health +7.5%Cooldown Reduction,主动-冲击：对范围内目标造成100~200法术伤害和0.75秒30%~60%减速后生成极寒区域冻结区域内目标0.75秒，该效果有75秒冷却时间。 被动-冰甲：新增10%韧性属性，受到除压制外的硬控后获得10%生命值的护盾，持续5秒，该效果有15秒冷却时间。,"Active - Impact: deals 100~200 Magic Damage to AoE targets with 30%~60% Slow for 0.75 s, then generates Frozen Zone freezing targets within for 0.75 s, 75 s Cooldown. Passive - Ice Armor: gain 10% Tenacity, after receiving hard CC (except Suppression) gain Shield of 10% Health for 5 s, 15 s Cooldown.",https://game.gtimg.cn/images/yxzj/img201606/itemimgo/1341.png
1345,荆棘护手,Thorn Gauntlets,防御,3,450,750,+150物理防御 +35物理攻击,+150 Physical Defense +35 Physical Attack,,,https://game.gtimg.cn/images/yxzj/img201606/itemimgo/1345.png
1347,永夜守护,Eternal Night,防御,3,1212,2020,+90物理防御 +180法术防御 +900最大生命 +7.5%移动速度,+90 Physical Defense +180 Magic Defense +900 Max Health +7.5%Movement Speed,被动-守护：在2.5秒内受到伤害超过25%最大生命值时，会在接下来2.5秒内累计回复(10%最大生命)点生命，并减少50%受到的减速效果，冷却时间：7秒,"Passive - Guardian: upon taking >25% Max Health damage within 2.5 s, restores (10% Max Health) Health over next 2.5 s, reduces received Slow by 50%, Cooldown: 7 s",https://game.gtimg.cn/images/yxzj/img201606/itemimgo/1347.png
1349,原初遗珠,Primordial Pearl,防御,3,480,800,+150物理防御 +150法术防御,+150 Physical Defense +150 Magic Defense,贤者的庇护虽已损坏，但其能量内核在原初之息的浸染下拥有了强化装备的效果(20分钟后开放购买),"Sage's Sanctuary is damaged, but its energy core infused with Primordial Breath gains equipment enhancement effects(available for purchase after 20 min)",https://game.gtimg.cn/images/yxzj/img201606/itemimgo/1349.png
1350,侵掠·怒魂,Raging Soul,防御,3,1980,3300,+75物理攻击 +900最大生命,+75 Physical Attack +900 Max Health,主动-血怒：逐渐扣除30%当前生命，逐渐获得50%生命护盾，持续4秒 ，在此期间对周围敌人每秒造成4%生命的法术伤害，该效果有60秒冷却时间。 被动-狂怒：普通攻击额外附带1.5%最大生命的物理伤害，自身生命低于50%伤害提升37.5%~75%。,"Active - Blood Fury: gradually drains 30% Current Health, gradually gains 50% Health Shield for 4 s, during this period deals 4% Health Magic Damage per second to surrounding enemies, 60 s Cooldown. Passive - Frenzy: Basic Attackbonusapply1.5%Max HealthPhysical Damage, when self Health <50% damage +37.5%~75%.",https://game.gtimg.cn/images/yxzj/img201606/itemimgo/1350.png
1351,徐行·凛冬,Winter's March,防御,3,1914,3190,+150物理防御 +900最大生命 +7.5%冷却缩减,+150 Physical Defense +900 Max Health +7.5%Cooldown Reduction,"主动-冲击：对周围造成100~200法术伤害和0.75秒极限减速后生成极寒区域冻结区域内目标0.75秒,冷却时间：75秒 被动-冰甲：当自身新增10%韧性属性，受到除压制外的硬控后获得12%生命值的护盾，持续5秒，该效果有15秒冷却时间。","Active - Impact: deals 100~200 Magic Damage to surrounding area with 0.75 s extreme Slow, then generates Frozen Zone freezing targets within for 0.75 s, Cooldown: 75 s Passive - Ice Armor: whenselfgain 10% Tenacity, after receiving hard CC (except Suppression) gain Shield of 12% Health for 5 s, 15 s Cooldown.",https://game.gtimg.cn/images/yxzj/img201606/itemimgo/1351.png
1353,旭日初光,Rising Sun,防御,3,1224,2040,+900最大生命 +210物理防御 +10%冷却缩减,+900 Max Health +210 Physical Defense +10%Cooldown Reduction,被动-初光：技能或者普攻命中敌方英雄，给自己和最近血量最低的友方英雄提供(250~500+4%最大生命值)护盾，附近没有友方英雄时护盾值提升50%，持续3秒(近战/远程：冷却10/12.5秒),"Passive - First Light: abilityorBasic Attackhitenemy Hero, provides self and nearest lowest-Health ally Hero with (250~500+4% Max Health) Shield, Shield value +50% when no ally Hero nearby, for 3 s(Melee/Ranged: Cooldown 10/12.5 s)",https://game.gtimg.cn/images/yxzj/img201606/itemimgo/1353.png
1534,怒龙剑盾,Raging Dragon Shield,防御,3,1224,2040,+1100最大生命 +150物理防御 +150法术防御,+1100 Max Health +150 Physical Defense +150 Magic Defense,被动-重创：普攻与技能对兵线和野怪造成7%最大生命的物理伤害，同时恢复伤害效果50%的生命(远程攻击减半)（远程英雄减半）冷却2秒 被动-神力：普攻或技能对敌方英雄和防御塔造成3.5%最大生命的物理伤害(远程攻击减半)，冷却2秒,"Passive - Heavy Wound: Basic Attack & abilities deal 7% Max Health Physical Damage to Minion Waves & Jungle Monsters, restore 50% of damage as Health (halved for Ranged, halved for Ranged Heroes) CD: 2 s Passive - Divine Power: Basic Attack or Ability deals 3.5% Max Health Physical Damage to enemy Heroes & Turrets (halved for Ranged), CD: 2 s",https://game.gtimg.cn/images/yxzj/img201606/itemimgo/1534.png
13211,玛瑙护心镜,Agate Heart Mirror,防御,3,480,800,+450最大生命 +7.5%移动速度,+450 Max Health +7.5%Movement Speed,,,https://game.gtimg.cn/images/yxzj/img201606/itemimgo/13211.png
13212,天地石,Heaven-Earth Stone,防御,3,480,800,+150物理防御 +150法术防御,+150 Physical Defense +150 Magic Defense,,,https://game.gtimg.cn/images/yxzj/img201606/itemimgo/13212.png
13310,冰痕之握,Frost Grip,防御,3,1236,2060,+10%冷却缩减 +300物理防御 +55物理攻击,+10%Cooldown Reduction +300 Physical Defense +55 Physical Attack,唯一被动-强击：使用技能后，5秒内的下一次普攻对范围内敌人额外造成140~280（+0.4额外Ad）物理伤害，并减少15%~30%移速（远程攻击减速效果减半），持续0.5秒，该效果冷却时间1.25秒,"Unique Passive - Power Strike: after using an ability, next Basic Attack within 5 s deals bonus 140~280(+0.4 bonus AD) Physical Damage to AoE enemies, reduces 15%~30% Movement Speed (Slow halved for Ranged) for 0.5 s, CD: 1.25 s",https://game.gtimg.cn/images/yxzj/img201606/itemimgo/13310.png
1411,神速之靴,Boots of Speed,移动,4,150,250,唯一被动：+30移动速度,Unique Passive: +30 Movement Speed,所有鞋类装备的移速加成效果不叠加,Movement Speed bonuses from all Boot items do not stack,https://game.gtimg.cn/images/yxzj/img201606/itemimgo/1411.png
1421,影忍之足,Shadow Boots,移动,4,420,700,+50法术防御 +120物理防御,+50 Magic Defense +120 Physical Defense,唯一被动：+50移动速度（所有鞋类装备的移速加成效果不叠加） 唯一被动：抵挡6%~12%物理伤害,Unique Passive: +50 Movement Speed (Movement Speed bonuses from all Boot items do not stack) Unique Passive: block 6%~12% Physical Damage,https://game.gtimg.cn/images/yxzj/img201606/itemimgo/1421.png
1422,抵抗之靴,Resistance Boots,移动,4,420,700,+50物理防御 +100法术防御,+50 Physical Defense +100 Magic Defense,被动-神速：+50移动速度（所有鞋类装备的移速加成效果不叠加） 被动-坚韧：+25%韧性,Passive - Swift: +50 Movement Speed (Movement Speed bonuses from all Boot items do not stack) Passive - Tenacity: +25%Tenacity,https://game.gtimg.cn/images/yxzj/img201606/itemimgo/1422.png
1423,冷静之靴,Calm Boots,移动,4,420,700,+15%冷却缩减,+15%Cooldown Reduction,被动-静谧：加速召唤师技能10~20%冷却速度 被动-神速：+50移动速度（所有鞋类装备的移速加成效果不叠加）,Passive - Tranquility: accelerates Summoner Spell cooldown speed by 10~20% Passive - Swift: +50 Movement Speed (Movement Speed bonuses from all Boot items do not stack),https://game.gtimg.cn/images/yxzj/img201606/itemimgo/1423.png
1424,秘法之靴,Arcane Boots,移动,4,420,700,+400最大法力,+400 Max Mana,唯一被动：+50移动速度（所有鞋类装备的移速加成效果不叠加） 唯一被动-法术精通：每5秒法力回复10，提升60~120法术穿透,"Unique Passive: +50 Movement Speed (Movement Speed bonuses from all Boot items do not stack) UniquePassive - Magic Mastery: restore 10 Mana/5 s, +60~120 Magic Penetration",https://game.gtimg.cn/images/yxzj/img201606/itemimgo/1424.png
1425,急速战靴,Berserker's Boots,移动,4,420,700,+20%攻速,+20%Attack Speed,唯一被动：+50移动速度（所有鞋类装备的移速加成效果不叠加） 被动-急速恢复：每次普通攻击命中回复近战20~40/远程30~60生命值,Unique Passive: +50 Movement Speed (Movement Speed bonuses from all Boot items do not stack) Passive - Quick Recovery: each Basic Attack hit restores 20~40(Melee)/30~60(Ranged) Health,https://game.gtimg.cn/images/yxzj/img201606/itemimgo/1425.png
1426,疾步之靴,Swift Boots,移动,4,420,700,+300最大生命,+300 Max Health,唯一被动-神行：5秒未进入战斗后进入神行状态，增加35~70移速 被动-神速II：+70移动速度（所有鞋类装备的移速加成效果不叠加）,"UniquePassive - Divine Walk: after 5 s out of combat enters Swift state, +35~70 Movement Speed Passive - SwiftII: +70 Movement Speed (Movement Speed bonuses from all Boot items do not stack)",https://game.gtimg.cn/images/yxzj/img201606/itemimgo/1426.png
1511,狩猎宽刃,Hunter's Blade,打野,5,150,250,被动-狩猎: 普攻/技能命中后，野怪每0.5秒70~140点法术伤害，（远程英雄伤害减半），持续2秒。受野怪伤害降低25%，获得来自野怪的经验提升20%。,"Passive - Hunt: Basic Attack/abilityhitafter, Jungle Monsterevery 0.5 s 70~140 Magic Damage, (Ranged HeroesDamagehalved) , for 2 s. receiveJungle MonsterDamagereduce 25%, gainfromJungle MonsterEXPincrease 20%.",4分钟前：不参与兵线分配，单独获得50%金币/经验；10分钟前：对兵线伤害降低25%,"Before 4 min: does not participate in Minion Wave distribution, individually gains 50% Gold/EXP; Before 10 min: damage against Minion Waves -25%",https://game.gtimg.cn/images/yxzj/img201606/itemimgo/1511.png
1521,游击弯刀,Guerrilla Machete,打野,5,420,700,+40法术攻击,+40 Magic Attack,被动-狩猎: 普攻/技能命中后，野怪每0.5秒受到70~140(+0.45%目标最大生命值)的法术伤害（远程攻击减半，对英雄伤害生效10%），持续2秒。受野怪伤害降低25%，获得来自野怪的经验提升30%、金币提升20% 被动-奖赏: 自己或700范围内友方击杀野怪增加自身6点法术攻击，最多叠加15层 4分钟前：不参与兵线分配，单独获得50%金币/经验 10分钟前：对兵线伤害降低25%,"Passive - Hunt: Basic Attack/abilityhitafter, Jungle Monsterevery 0.5 sreceive 70~140(+0.45%targetMax Health)Magic Damage (halved for Ranged attacks, 10% effective vs Heroes) , for 2 s. receiveJungle MonsterDamagereduce 25%, gainfromJungle MonsterEXPincrease 30%, Goldincrease 20% Passive - Reward: selfor700 AoEallykillJungle Monsterincreaseself 6 Magic Attack, up tostack 15 stacks Before 4 min: does not participate in Minion Wave distribution, individually gains 50% Gold/EXP Before 10 min: damage against Minion Waves -25%",https://game.gtimg.cn/images/yxzj/img201606/itemimgo/1521.png
1522,巡守利斧,Patrol Axe,打野,5,420,700,+400最大生命,+400 Max Health,被动-狩猎: 普攻/技能命中后，野怪每0.5秒受到70~140(+0.45%目标最大生命值)的物理伤害（远程攻击减半，对英雄伤害生效10%），持续2秒。受野怪伤害降低25%，获得来自野怪的经验提升30%、金币提升20% 被动-奖赏: 自己击杀或700范围内友方击杀野怪会增加自身30点最大生命，效果最多叠加15层 4分钟前：不参与兵线分配，单独获得50%金币/经验 10分钟前：对兵线伤害降低25%,"Passive - Hunt: Basic Attack/abilityhitafter, Jungle Monsterevery 0.5 sreceive 70~140(+0.45%targetMax Health)Physical Damage (halved for Ranged attacks, 10% effective vs Heroes) , for 2 s. receiveJungle MonsterDamagereduce 25%, gainfromJungle MonsterEXPincrease 30%, Goldincrease 20% Passive - Reward: selfkillor700 AoEallykillJungle Monsterwillincreaseself 30 Max Health, effectup tostack 15 stacks Before 4 min: does not participate in Minion Wave distribution, individually gains 50% Gold/EXP Before 10 min: damage against Minion Waves -25%",https://game.gtimg.cn/images/yxzj/img201606/itemimgo/1522.png
1523,追击刀锋,Chase Blade,打野,5,420,700,+25物理攻击,+25 Physical Attack,被动-狩猎： 普攻/技能命中后，野怪每0.5秒受到70~140(+0.45%目标最大生命值)的物理伤害，持续2秒。受野怪伤害降低25%，获得来自野怪的经验提升30%、金币提升20% 被动-奖赏：自己或700范围内友方击杀野怪增加自身3点物理攻击，最多叠加15层 4分钟前：不参与兵线分配，单独获得50%金币/经验 10分钟前：对兵线伤害降低25%,"Passive - Hunt: Basic Attack/abilityhitafter, Jungle Monsterevery 0.5 sreceive 70~140(+0.45%targetMax Health)Physical Damage, for 2 s. receiveJungle MonsterDamagereduce 25%, gainfromJungle MonsterEXPincrease 30%, Goldincrease 20% Passive - Reward: selfor700 AoEallykillJungle Monsterincreaseself 3 Physical Attack, up tostack 15 stacks Before 4 min: does not participate in Minion Wave distribution, individually gains 50% Gold/EXP Before 10 min: damage against Minion Waves -25%",https://game.gtimg.cn/images/yxzj/img201606/itemimgo/1523.png
1531,符文大剑,Rune Greatsword,打野,5,1260,2100,+130法术攻击 +10%冷却缩减 +5%移速,+130 Magic Attack +10%Cooldown Reduction +5%Movement Speed,被动-狩猎： 普攻/技能命中后，野怪每0.5秒受到90~180(+0.6%目标最大生命值)的法术伤害（远程攻击减半，对英雄伤害生效25%），持续2秒。受到野怪伤害降低25%，获得来自野怪的经验提升30%、金币提升20%。 被动-奖赏：自己击杀或700范围内友方击杀野怪增加自身6点法术攻击和0.2%冷却，最多叠加25层 4分钟前：不参与兵线分配，单独获得50%金币/经验 10分钟前：对兵线伤害降低25%,"Passive - Hunt: Basic Attack/abilityhitafter, Jungle Monsterevery 0.5 sreceive 90~180(+0.6%targetMax Health)Magic Damage (halved for Ranged attacks, 25% effective vs Heroes) , for 2 s. damage from Jungle Monsters -25%, EXP from Jungle Monsters +30%, Gold +20%. Passive - Reward: selfkillor700 AoEallykillJungle Monsterincreaseself 6 Magic Attackand0.2%Cooldown, up tostack 25 stacks Before 4 min: does not participate in Minion Wave distribution, individually gains 50% Gold/EXP Before 10 min: damage against Minion Waves -25%",https://game.gtimg.cn/images/yxzj/img201606/itemimgo/1531.png
1532,巨人之握,Giant's Grip,打野,5,1260,2100,+1200最大生命 +5%冷却缩减 +5%移速,+1200 Max Health +5%Cooldown Reduction +5%Movement Speed,被动-狩猎：普攻/技能命中后，野怪每0.5秒受到90~180(+0.6%目标最大生命值)的物理伤害（远程攻击减半，对英雄伤害生效25%），持续2秒。受到野怪伤害降低25%，获得来自野怪的经验提升30%、金币提升20%。 被动-奖赏：自己击杀或700范围内友方击杀野怪增加自身30点最大生命和0.2%冷却，最多叠25层 4分钟前：不参与兵线分配，单独获得50%金币/经验 10分钟前：对兵线伤害降低25%,"Passive - Hunt: Basic Attack/abilityhitafter, Jungle Monsterevery 0.5 sreceive 90~180(+0.6%targetMax Health)Physical Damage (halved for Ranged attacks, 25% effective vs Heroes) , for 2 s. damage from Jungle Monsters -25%, EXP from Jungle Monsters +30%, Gold +20%. Passive - Reward: selfkillor700 AoEallykillJungle Monsterincreaseself 30 Max Healthand0.2%Cooldown, up tostack25 stacks Before 4 min: does not participate in Minion Wave distribution, individually gains 50% Gold/EXP Before 10 min: damage against Minion Waves -25%",https://game.gtimg.cn/images/yxzj/img201606/itemimgo/1532.png
1533,贪婪之噬,Greedy Bite,打野,5,1260,2100,+90物理攻击 +5%移速 +7.5%冷却,+90 Physical Attack +5%Movement Speed +7.5%Cooldown,被动-狩猎：普攻/技能命中后，野怪每0.5秒受到90~180(+0.6%目标最大生命值)的物理伤害（远程攻击减半，对英雄伤害生效25%），持续2秒。受到野怪伤害降低25%，获得来自野怪的经验提升30%、金币提升20%。 被动-奖赏：自己击杀或700范围内友方击杀野怪增加自身3点物理攻击和0.2%冷却缩减，最多叠加25层 4分钟前：不参与兵线分配，单独获得50%金币/经验 10分钟前：对兵线伤害降低25%,"Passive - Hunt: Basic Attack/abilityhitafter, Jungle Monsterevery 0.5 sreceive 90~180(+0.6%targetMax Health)Physical Damage (halved for Ranged attacks, 25% effective vs Heroes) , for 2 s. damage from Jungle Monsters -25%, EXP from Jungle Monsters +30%, Gold +20%. Passive - Reward: selfkillor700 AoEallykillJungle Monsterincreaseself 3 Physical Attackand0.2%Cooldown Reduction, up tostack 25 stacks Before 4 min: does not participate in Minion Wave distribution, individually gains 50% Gold/EXP Before 10 min: damage against Minion Waves -25%",https://game.gtimg.cn/images/yxzj/img201606/itemimgo/1533.png
1701,学识宝石,Knowledge Gem,辅助,7,180,300,+5%移速,+5%Movement Speed,被动-游击：每3秒增加自身5经验，增加队伍中经济最低的英雄5金币,"Passive - Guerrilla: every 3 sincreaseself 5 EXP, increaseteamineconomylowestHero 5 Gold",https://game.gtimg.cn/images/yxzj/img201606/itemimgo/1701.png
1711,极影,Shadow Aegis,辅助,7,1140,1900,+500生命值 +5%移速,+500 Health +5%Movement Speed,被动-迅捷光环：增加自身12%攻速、9%冷却和每5秒回蓝10，对800范围友方造成50%效果 被动-奖赏：增加200-400最大生命值，增加15~30主攻属性（1主攻击属性=1物理攻击或2法术攻击） 被动-游击：每3秒增加自身5经验，每隔15秒传送一枚掉落的金币到英雄附近，增加队伍中经济最低的英雄5金币(众星峡谷中的效果保持不变),"Passive - Swift Aura: increaseself 12%Attack Speed, 9%CooldownandMana/5 s 10, 50% effect to allies within 800 range Passive - Reward: increase 200-400 Max Health, increase 15~30 primary attack attribute (1 primary attack attribute=1 Physical Attackor2 Magic Attack) Passive - Guerrilla: every 3 sincreaseself 5 EXP, every15 ssendadropGoldtoHeronearby, increaseteamineconomylowestHero 5 Gold(effect unchanged in Stellar Canyon)",https://game.gtimg.cn/images/yxzj/img201606/itemimgo/1711.png
1714,近卫,Guard,辅助,7,510,850,+500生命值 +5%移速,+500 Health +5%Movement Speed,被动-守护光环：增加自身36-72物理与法术防御和(+0.4%目标额外生命)每5秒回血，对800范围友方造成50%效果 被动-奖赏：增加200-400最大生命值，增加15-30主攻属性（1主攻击属性=1物理攻击或2法术攻击） 被动-游击：每3秒增加自身5经验，每隔15秒传送一枚掉落的金币到英雄附近，增加队伍中经济最低的英雄5金币(众星峡谷中的效果保持不变),"Passive - Guardian Aura: increaseself 36-72 Physical andMagic Defenseand(+0.4%targetbonusHealth)HP/5 s, 50% effect to allies within 800 range Passive - Reward: increase 200-400 Max Health, increase 15-30 primary attack attribute (1 primary attack attribute=1 Physical Attackor2 Magic Attack) Passive - Guerrilla: every 3 sincreaseself 5 EXP, every15 ssendadropGoldtoHeronearby, increaseteamineconomylowestHero 5 Gold(effect unchanged in Stellar Canyon)",https://game.gtimg.cn/images/yxzj/img201606/itemimgo/1714.png
1721,极影·救赎,Shadow · Redemption,辅助,7,1248,2080,+1200生命值 +7.5%移速,+1200 Health +7.5%Movement Speed,主动-救援：范围内友方英雄立即获得240~480（+10%最大生命值）护盾，持续4秒（CD:60秒）游走装主动技能队伍共享冷却 被动-迅捷光环：增加自身20%攻速、15%冷却和15每5秒回蓝，对800范围友方造成50%效果 被动-奖赏：增加400~800最大生命值，增加25~50主攻属性（1主攻击属性=1物理攻击或2法术攻击） 被动-游击：每3秒增加自身6经验，每隔10秒传送一枚掉落的金币到英雄附近，增加队伍中经济最低的英雄6金币(众星峡谷中的效果保持不变),"Active - Rescue: AoE ally Heroes immediately gain 240~480(+10% Max Health) Shield for 4 s (CD: 60 s)Roaming item Active Skills share team Cooldown Passive - Swift Aura: increaseself 20%Attack Speed, 15%Cooldownand15 Mana/5 s, 50% effect to allies within 800 range Passive - Reward: increase 400~800 Max Health, increase 25~50 primary attack attribute (1 primary attack attribute=1 Physical Attackor2 Magic Attack) Passive - Guerrilla: every 3 sincreaseself 6 EXP, every 10 s sends a dropped Gold coin near the Hero, +6 Gold for the lowest-economy Hero on the team(effect unchanged in Stellar Canyon)",https://game.gtimg.cn/images/yxzj/img201606/itemimgo/1721.png
1723,极影·奔狼,Shadow · Wolf Rush,辅助,7,1248,2080,+1200生命值 +7.5%移速,+1200 Health +7.5%Movement Speed,主动-奔腾号令：范围内友方英雄增加移动速度，最高增加100%~200%移动速度，持续5秒，途径未加速的友军时会将当前状态同步给友军，攻击或受到敌方英雄攻击时保留20%加速效果（CD:90秒）游走装主动技能队伍共享冷却 被动-迅捷光环：增加自身20%攻速、15%冷却和15每5秒回蓝，对800范围友方造成50%效果 被动-奖赏：增加400~800最大生命值，增加25-50主攻属性（1主攻击属性=1物理攻击或2法术攻击） 被动-游击：每3秒增加自身6经验，每隔10秒传送一枚掉落的金币到英雄附近，增加队伍中经济最低的英雄6金币(众星峡谷中的效果保持不变),"Active - Gallop Command: AoE ally Heroes gain Movement Speed up to 100%~200% for 5 s, passing through un-accelerated allies syncs current state to them, retains 20% Speed Boost when attacking or attacked by enemy Heroes(CD: 90 s)Roaming item Active Skills share team Cooldown Passive - Swift Aura: increaseself 20%Attack Speed, 15%Cooldownand15 Mana/5 s, 50% effect to allies within 800 range Passive - Reward: increase 400~800 Max Health, increase 25-50 primary attack attribute (1 primary attack attribute=1 Physical Attackor2 Magic Attack) Passive - Guerrilla: every 3 sincreaseself 6 EXP, every 10 s sends a dropped Gold coin near the Hero, +6 Gold for the lowest-economy Hero on the team(effect unchanged in Stellar Canyon)",https://game.gtimg.cn/images/yxzj/img201606/itemimgo/1723.png
1724,近卫·救赎,Guard · Redemption,辅助,7,1248,2080,+1200生命值 +7.5%移速,+1200 Health +7.5%Movement Speed,主动-救援：范围内友方英雄立即获得240~480+10%最大生命值护盾，持续4秒（CD:60秒）游走装主动技能队伍共享冷却 被动-守护光环：增加自身65~130物理和法术防御和(+0.6%目标额外生命)每5秒回血，对800范围友方造成50%效果 被动-奖赏：增加400~800最大生命值，增加25~50主攻属性（1主攻击属性=1物理攻击或2法术攻击） 被动-游击：每3秒增加自身6经验，每隔10秒传送一枚掉落的金币到英雄附近，增加队伍中经济最低的英雄6金币(众星峡谷中的效果保持不变),"Active - Rescue: AoEally Heroimmediatelygain 240~480+10%Max HealthShield, for 4 s(CD: 60 s)Roaming item Active Skills share team Cooldown Passive - Guardian Aura: increaseself 65~130 Physical andMagic Defenseand(+0.6%targetbonusHealth)HP/5 s, 50% effect to allies within 800 range Passive - Reward: increase 400~800 Max Health, increase 25~50 primary attack attribute (1 primary attack attribute=1 Physical Attackor2 Magic Attack) Passive - Guerrilla: every 3 sincreaseself 6 EXP, every 10 s sends a dropped Gold coin near the Hero, +6 Gold for the lowest-economy Hero on the team(effect unchanged in Stellar Canyon)",https://game.gtimg.cn/images/yxzj/img201606/itemimgo/1724.png
1725,近卫·星泉,Guard · Star Spring,辅助,7,1248,2080,+1200生命值 +7.5%移速,+1200 Health +7.5%Movement Speed,主动-星芒：与范围内的一名友方英雄（默认为血量最低）建立链接，5秒内回复双方（500~1060+20%最大生命值）生命与25%最大法力，链接超过一定范围断开，攻击或者受到敌方英雄攻击后回复效果只生效20%。每50秒储备一次[星芒]，最多可储备2次。（CD:5秒）游走装主动技能队伍共享冷却 被动-守护光环：增加自身65~130物理和法术防御和(+0.6%目标额外生命)每5秒回血，对800范围友方造成50%效果 被动-奖赏：增加400~800最大生命值，增加25-50主攻属性（1主攻击属性=1物理攻击或2法术攻击） 被动-游击：每3秒增加自身6经验，每隔10秒传送一枚掉落的金币到英雄附近，增加队伍中经济最低的英雄6金币(众星峡谷中的效果保持不变),"Active - Star Light: establishes link with one ally Hero in range (default lowest Health), restores both sides (500~1060+20% Max Health) Health & 25% Max Mana over 5 s, link breaks beyond range, only 20% effective when attacking or attacked by enemy Heroes. stores one [Star Light] charge every 50 s, up to 2 charges. (CD: 5 s)Roaming item Active Skills share team Cooldown Passive - Guardian Aura: increaseself 65~130 Physical andMagic Defenseand(+0.6%targetbonusHealth)HP/5 s, 50% effect to allies within 800 range Passive - Reward: increase 400~800 Max Health, increase 25-50 primary attack attribute (1 primary attack attribute=1 Physical Attackor2 Magic Attack) Passive - Guerrilla: every 3 sincreaseself 6 EXP, every 10 s sends a dropped Gold coin near the Hero, +6 Gold for the lowest-economy Hero on the team(effect unchanged in Stellar Canyon)",https://game.gtimg.cn/images/yxzj/img201606/itemimgo/1725.png
1737,极影·形昭,Shadow · Reveal,辅助,7,1248,2080,+1200生命值 +7.5%移速,+1200 Health +7.5%Movement Speed,主动-见影：释放一道探照光波，对1200范围内的敌方造成4次伤害，每次造成当前生命3%的法术伤害并附带25%~50%减速。探照光波会在范围内继续残留2秒，期间也会提供视野并短暂暴露隐身单位，同时对进入的敌人造成伤害和减速，该技能可短暂暴露英雄隐身或在草丛中的视野（CD:75秒，没有命中目标会返还75%）游走装主动技能队伍共享冷却 被动-迅捷光环：增加自身20%攻速、15%冷却和15每5秒回蓝，对800范围友方造成50%效果 被动-奖赏：增加400~800最大生命值，增加25~50主攻属性（1主攻击属性=1物理攻击或2法术攻击） 被动-游击：每3秒增加自身6经验，每隔10秒传送一枚掉落的金币到英雄附近，增加队伍中经济最低的英雄6金币(众星峡谷中的效果保持不变),"Active - Reveal: emits a Scouting Light Wave, deals 4 hits to enemies within 1200 range dealing 3% Current Health Magic Damage with 25%~50% Slow. Light Wave lingers 2 s providing Vision and briefly revealing Stealthed units, deals damage & Slow to enemies entering. Can briefly reveal Heroes in Stealth or Bush (CD:75 s, withouthittargetwillrefund 75%) Roaming item Active Skills share team Cooldown Passive - Swift Aura: increaseself 20%Attack Speed, 15%Cooldownand15 Mana/5 s, 50% effect to allies within 800 range Passive - Reward: increase 400~800 Max Health, increase 25~50 primary attack attribute (1 primary attack attribute=1 Physical Attackor2 Magic Attack) Passive - Guerrilla: every 3 sincreaseself 6 EXP, every 10 s sends a dropped Gold coin near the Hero, +6 Gold for the lowest-economy Hero on the team(effect unchanged in Stellar Canyon)",https://game.gtimg.cn/images/yxzj/img201606/itemimgo/1737.png
1747,极影·星泉,Shadow · Star Spring,辅助,7,1248,2080,+1200生命值 +7.5%移速,+1200 Health +7.5%Movement Speed,主动-星芒：与范围内的一名友方英雄（默认为血量最低）建立链接，5秒内回复双方（500~1060+20%最大生命值）生命与25%最大法力，链接超过一定范围断开，攻击或者受到敌方英雄攻击后回复效果只生效20%。每50秒储备一次[星芒]，最多可储备2次。（CD:5秒）游走装主动技能队伍共享冷却 被动-迅捷光环：增加自身20%攻速、15%冷却和15每5秒回蓝，对800范围友方造成50%效果 被动-奖赏：增加400~800最大生命值，增加25~50主攻属性（1主攻击属性=1物理攻击或2法术攻击） 被动-游击：每3秒增加自身6经验，每隔10秒传送一枚掉落的金币到英雄附近，增加队伍中经济最低的英雄6金币(众星峡谷中的效果保持不变),"Active - Star Light: establishes link with one ally Hero in range (default lowest Health), restores both sides (500~1060+20% Max Health) Health & 25% Max Mana over 5 s, link breaks beyond range, only 20% effective when attacking or attacked by enemy Heroes. stores one [Star Light] charge every 50 s, up to 2 charges. (CD: 5 s)Roaming item Active Skills share team Cooldown Passive - Swift Aura: increaseself 20%Attack Speed, 15%Cooldownand15 Mana/5 s, 50% effect to allies within 800 range Passive - Reward: increase 400~800 Max Health, increase 25~50 primary attack attribute (1 primary attack attribute=1 Physical Attackor2 Magic Attack) Passive - Guerrilla: every 3 sincreaseself 6 EXP, every 10 s sends a dropped Gold coin near the Hero, +6 Gold for the lowest-economy Hero on the team(effect unchanged in Stellar Canyon)",https://game.gtimg.cn/images/yxzj/img201606/itemimgo/1747.png
1753,近卫·奔狼,Guard · Wolf Rush,辅助,7,1248,2080,+1200生命值 +7.5%移速,+1200 Health +7.5%Movement Speed,主动-奔腾号令：范围内友方英雄增加移动速度，最高增加100%~200%移动速度，持续5秒，途径未加速的友军时会将当前状态同步给友军，攻击或受到敌方英雄攻击时保留20%加速效果（CD:90秒）游走装主动技能队伍共享冷却 被动-守护光环：增加自身65~130物理和法术防御和(+0.6%目标额外生命)每5秒回血，对800范围友方造成50%效果 被动-奖赏：增加400~800最大生命值，增加25-50主攻属性（1主攻击属性=1物理攻击或2法术攻击） 被动-游击：每3秒增加自身6经验，每隔10秒传送一枚掉落的金币到英雄附近，增加队伍中经济最低的英雄6金币(众星峡谷中的效果保持不变),"Active - Gallop Command: AoE ally Heroes gain Movement Speed up to 100%~200% for 5 s, passing through un-accelerated allies syncs current state to them, retains 20% Speed Boost when attacking or attacked by enemy Heroes(CD: 90 s)Roaming item Active Skills share team Cooldown Passive - Guardian Aura: increaseself 65~130 Physical andMagic Defenseand(+0.6%targetbonusHealth)HP/5 s, 50% effect to allies within 800 range Passive - Reward: increase 400~800 Max Health, increase 25-50 primary attack attribute (1 primary attack attribute=1 Physical Attackor2 Magic Attack) Passive - Guerrilla: every 3 sincreaseself 6 EXP, every 10 s sends a dropped Gold coin near the Hero, +6 Gold for the lowest-economy Hero on the team(effect unchanged in Stellar Canyon)",https://game.gtimg.cn/images/yxzj/img201606/itemimgo/1753.png
1754,近卫·形昭,Guard · Reveal,辅助,7,1248,2080,+1200生命值 +7.5%移速,+1200 Health +7.5%Movement Speed,主动-见影：释放一道探照光波，对1200范围内的敌方造成4次伤害，每次造成当前生命3%的伤害并附带25%~50%减速。探照光波会在范围内继续残留2秒，期间也会提供视野并短暂暴露隐身单位，同时对进入的敌人造成伤害和减速，该技能可短暂暴露英雄隐身或在草丛中的视野（CD:75秒，没有命中目标会返还75%）游走装主动技能队伍共享冷却 被动-守护光环：增加自身65~130物理和法术防御和(+0.6%目标额外生命)每5秒回血，对800范围友方造成50%效果 被动-奖赏：增加400~800最大生命值，增加25~50主攻属性（1主攻击属性=1物理攻击或2法术攻击） 被动-游击：每3秒增加自身6经验，每隔10秒传送一枚掉落的金币到英雄附近，增加队伍中经济最低的英雄6金币(众星峡谷中的效果保持不变),"Active - Reveal: releasea Scouting Light Wave, against1200 AoEenemydeal 4 timesDamage, eachdealCurrentHealth 3%Damageand apply25%~50%Slow. Light Wave willAoElingers 2 s, periodalsoprovideVisionandbriefrevealStealthunit, alsoagainstenterenemydealDamageandSlow, thisabilitycanbriefrevealHeroStealthor inBushinVision (CD:75 s, withouthittargetwillrefund 75%) Roaming item Active Skills share team Cooldown Passive - Guardian Aura: increaseself 65~130 Physical andMagic Defenseand(+0.6%targetbonusHealth)HP/5 s, 50% effect to allies within 800 range Passive - Reward: increase 400~800 Max Health, increase 25~50 primary attack attribute (1 primary attack attribute=1 Physical Attackor2 Magic Attack) Passive - Guerrilla: every 3 sincreaseself 6 EXP, every 10 s sends a dropped Gold coin near the Hero, +6 Gold for the lowest-economy Hero on the team(effect unchanged in Stellar Canyon)",https://game.gtimg.cn/images/yxzj/img201606/itemimgo/1754.png
